ID_REF,Gene Symbol,Gene Title,Normal_Mean,Tumor_Mean,Log2_Fold_Change,P_Value,Adjusted_P_Value
207175_at,ADIPOQ,"adiponectin, C1Q and collagen domain containing",5855.035976744186,1737.7806279069764,-1.7518484894200355,3.660197116474666e-14,4.078008617320249e-10
209699_x_at,AKR1C2 /// LOC101930400,"aldo-keto reductase family 1, member C2 /// aldo-keto reductase family 1 member C2-like",5462.430395348836,1354.5364558139536,-2.01094316585562,1.9450024672903215e-14,4.078008617320249e-10
216594_x_at,AKR1C1,"aldo-keto reductase family 1, member C1",5135.710255813954,1957.4834186046514,-1.39110778466707,9.659205173994369e-14,4.739027258911835e-10
213524_s_at,G0S2,G0/G1 switch 2,4663.866046511626,1692.5870000000002,-1.4617535537573356,6.424881859245607e-14,4.739027258911835e-10
204151_x_at,AKR1C1,"aldo-keto reductase family 1, member C1",6778.6203953488375,2292.6815348837217,-1.5635394012561066,1.0633728086235775e-13,4.739027258911835e-10
203980_at,FABP4,"fatty acid binding protein 4, adipocyte",7957.622558139536,2778.5602093023263,-1.517662124048913,1.8514332342634266e-13,6.281043208765998e-10
213348_at,CDKN1C,"cyclin-dependent kinase inhibitor 1C (p57, Kip2)",2656.579813953489,1301.667813953488,-1.0286437830503075,2.0315897840989408e-13,6.281043208765998e-10
221748_s_at,TNS1,tensin 1,5609.990697674418,2440.9671395348846,-1.2002117342500358,2.255008107980433e-13,6.281043208765998e-10
209763_at,CHRDL1,chordin-like 1,3277.130511627907,1592.701604651163,-1.0404917604937909,5.625112781985995e-13,1.139494437463581e-09
209493_at,PDZD2,PDZ domain containing 2,2177.939139534884,769.3319534883722,-1.5000737258777639,9.074460190082974e-13,1.6850516367968243e-09
210201_x_at,BIN1,bridging integrator 1,1793.3002093023256,698.730372093023,-1.3585502728138132,1.056631759240721e-12,1.8111481147046914e-09
205382_s_at,CFD,complement factor D (adipsin),4895.11184883721,802.8481883720932,-2.606641545445601,1.1767986627576314e-12,1.87304318587345e-09
215695_s_at,GYG2,glycogenin 2,3426.6069069767445,734.4725627906975,-2.2204582372667816,1.4419557949479266e-12,1.946770000517999e-09
209210_s_at,FERMT2,fermitin family member 2,4825.225790697673,2258.174906976744,-1.095099442779674,1.3507135201035462e-12,1.946770000517999e-09
207092_at,LEP,leptin,2855.5108883720936,415.9741674418604,-2.7762241160547827,1.4852169819506342e-12,1.946770000517999e-09
203548_s_at,LPL,lipoprotein lipase,4341.11358139535,779.657718604651,-2.475635425852036,1.6588513878602427e-12,2.0535658597605438e-09
212636_at,QKI,"QKI, KH domain containing, RNA binding",1985.3416046511627,972.1290465116281,-1.0294107158639236,1.8965500373595248e-12,2.2242539201306467e-09
212741_at,MAOA,monoamine oxidase A,3102.0668604651164,580.8656697674419,-2.414936748025943,2.138443793419839e-12,2.3825471524387135e-09
203549_s_at,LPL,lipoprotein lipase,6228.645813953486,2497.3404651162796,-1.3181800454755395,2.3065765326054048e-12,2.4474973750498207e-09
221246_x_at,TNS1,tensin 1,2135.8962325581397,1035.8459069767443,-1.0433153516481761,2.7518993436564816e-12,2.787298776122608e-09
49452_at,ACACB,acetyl-CoA carboxylase beta,3697.423976744186,1051.767958139535,-1.8127231354133537,2.9055907380843275e-12,2.8150121050753507e-09
203323_at,CAV2,caveolin 2,4200.64788372093,1776.6638372093023,-1.2409727319832362,3.3770916049722164e-12,2.9890662784747793e-09
210517_s_at,AKAP12,A kinase (PRKA) anchor protein 12,2662.8746279069765,1039.656339534884,-1.356032465445761,3.698281464245607e-12,2.9890662784747793e-09
218087_s_at,SORBS1,sorbin and SH3 domain containing 1,3105.705279069768,634.739230232558,-2.2888783629395015,3.810652163362509e-12,2.9890662784747793e-09
219140_s_at,RBP4,"retinol binding protein 4, plasma",3211.8856883720923,301.28230465116286,-3.4099012195000284,3.660044612534542e-12,2.9890662784747793e-09
219295_s_at,PCOLCE2,procollagen C-endopeptidase enhancer 2,2883.531511627908,597.8303558139535,-2.2681177627565368,3.2618098165626343e-12,2.9890662784747793e-09
203414_at,MMD,monocyte to macrophage differentiation-associated,3536.374093023255,1673.117023255814,-1.0792784205858654,3.890092091539227e-12,2.9890662784747793e-09
204388_s_at,MAOA,monoamine oxidase A,1544.2800232558143,419.5265953488372,-1.877599346657193,4.810629694386532e-12,3.270535831175101e-09
219064_at,ITIH5,"inter-alpha-trypsin inhibitor heavy chain family, member 5",2355.0488139534887,787.361534883721,-1.5794401376819605,4.843498740240467e-12,3.270535831175101e-09
219738_s_at,PCDH9,protocadherin 9,782.3202325581397,222.3565279069767,-1.810253802516556,5.751093300379311e-12,3.769165059186829e-09
203324_s_at,CAV2,caveolin 2,1631.773279069767,581.2799232558139,-1.4875396961650746,6.90067624832583e-12,4.3933648240412705e-09
209555_s_at,CD36,CD36 molecule (thrombospondin receptor),4954.436139534882,1463.745704651163,-1.7583618187010166,7.725402662701123e-12,4.781809653693587e-09
204894_s_at,AOC3,"amine oxidase, copper containing 3",2612.778976744186,746.4197441860466,-1.8061465706013404,9.160369246471338e-12,5.516770484300563e-09
43427_at,ACACB,acetyl-CoA carboxylase beta,2420.56731627907,471.02564186046527,-2.3590039700712073,1.0927777697780416e-11,6.102691439100802e-09
209612_s_at,ADH1B,"alcohol dehydrogenase 1B (class I), beta polypeptide",5003.313674418604,1516.1021627906975,-1.7218539806111959,1.095488298541633e-11,6.102691439100802e-09
204719_at,ABCA8,"ATP-binding cassette, sub-family A (ABC1), member 8",2230.1988837209296,607.579723255814,-1.8743009458409727,1.0659448521048714e-11,6.102691439100802e-09
212097_at,CAV1,"caveolin 1, caveolae protein, 22kDa",5058.334279069766,2049.22988372093,-1.3031618815057808,1.1521733859369418e-11,6.261921843617775e-09
210375_at,PTGER3,prostaglandin E receptor 3 (subtype EP3),1107.6721860465116,453.5830511627908,-1.2862170498781749,1.425651319677471e-11,7.563759132469782e-09
210964_s_at,GYG2,glycogenin 2,2147.168093023256,394.9327674418604,-2.43977951283749,1.4765912565408083e-11,7.651833248720658e-09
219398_at,CIDEC,cell death-inducing DFFA-like effector c,4746.999302325581,1828.5741395348837,-1.3758118440314573,1.598725057446935e-11,8.096452376156829e-09
221009_s_at,ANGPTL4,angiopoietin-like 4,426.456023255814,96.97264651162789,-2.1253250858446058,2.068828005224737e-11,9.604103008421421e-09
211696_x_at,HBB,"hemoglobin, beta",7411.171162790699,2382.7694883720933,-1.6366514633879272,2.0335808901506627e-11,9.604103008421421e-09
205913_at,PLIN1,perilipin 1,4102.803837209302,914.6816279069767,-2.1640437894795257,2.0228760842452624e-11,9.604103008421421e-09
202942_at,ETFB,"electron-transfer-flavoprotein, beta polypeptide",908.6048558139537,302.4756046511628,-1.5836594079980533,2.3909392922133124e-11,1.087291841803862e-08
204570_at,COX7A1,cytochrome c oxidase subunit VIIa polypeptide 1 (muscle),1209.2705511627908,275.0777604651163,-2.132183011339711,2.5904940247783214e-11,1.1544795670827066e-08
209496_at,RARRES2,retinoic acid receptor responder (tazarotene induced) 2,1860.4424674418601,422.02660232558156,-2.1376007305585456,3.454601547975951e-11,1.4803631979528482e-08
203680_at,PRKAR2B,"protein kinase, cAMP-dependent, regulatory, type II, beta",2667.957355813953,958.632460465116,-1.4757223904289007,4.5586852922371504e-11,1.8139497208378646e-08
201540_at,FHL1,four and a half LIM domains 1,6888.867209302325,3254.8437906976737,-1.0814446942052798,4.545437909788076e-11,1.8139497208378646e-08
205220_at,HCAR3,hydroxycarboxylic acid receptor 3,1062.08623255814,339.5432790697673,-1.6423485615796911,4.884713274886767e-11,1.9095801035842428e-08
213068_at,DPT,dermatopontin,1918.625372093024,464.23207674418603,-2.044802310645261,5.29850988904479e-11,2.0206371712230206e-08
201839_s_at,EPCAM,epithelial cell adhesion molecule,654.4757674418603,2520.6509767441867,1.9437542542316204,5.903887515293764e-11,2.0881956429093802e-08
218124_at,RETSAT,"retinol saturase (all-trans-retinol 13,14-reductase)",3271.2358604651163,1402.3232093023255,-1.2214294159381176,5.766676947279011e-11,2.0881956429093802e-08
218168_s_at,ADCK3,aarF domain containing kinase 3,1192.5064348837209,304.743,-1.9648149711700094,6.714777225498967e-11,2.337896576809273e-08
205498_at,GHR,growth hormone receptor,2807.4300465116276,1311.943581395349,-1.096958944746702,9.755663220750024e-11,3.244558858924967e-08
203571_s_at,ADIRF,adipogenesis regulatory factor,1200.0560976744184,215.44490697674422,-2.4722317775603972,9.494116747933602e-11,3.244558858924967e-08
210832_x_at,PTGER3,prostaglandin E receptor 3 (subtype EP3),1568.597372093023,659.7999302325579,-1.248109091681899,9.669912542740482e-11,3.244558858924967e-08
209116_x_at,HBB,"hemoglobin, beta",5899.848939534883,1086.9397162790697,-2.439323908357687,1.0099465125789616e-10,3.290802722584105e-08
209298_s_at,ITSN1,intersectin 1 (SH3 domain protein),925.5277837209302,220.19449209302323,-2.0665187770490436,1.0190072605048837e-10,3.290802722584105e-08
217232_x_at,HBB,"hemoglobin, beta",5667.745069767442,1656.1772325581396,-1.7743014860699424,1.0654027971101111e-10,3.391481504000658e-08
209613_s_at,ADH1B,"alcohol dehydrogenase 1B (class I), beta polypeptide",4031.1943720930226,1332.3733813953484,-1.596484354203544,1.2453708900781666e-10,3.9085351469875756e-08
209771_x_at,CD24,CD24 molecule,1678.4902790697672,4873.842790697674,1.5373322487500347,1.2815431912021063e-10,3.96619818466063e-08
222317_at,PDE3B,"phosphodiesterase 3B, cGMP-inhibited",774.4444883720931,57.85992348837209,-3.7196659349226975,1.451135517900633e-10,4.4295414719698365e-08
206488_s_at,CD36,CD36 molecule (thrombospondin receptor),4779.716976744186,1721.882976744186,-1.472402286395714,1.4960202941571782e-10,4.444776028627254e-08
211653_x_at,AKR1C2 /// LOC101930400,"aldo-keto reductase family 1, member C2 /// aldo-keto reductase family 1 member C2-like",2664.5096511627903,559.8847023255815,-2.2486352654112287,1.4794911676389912e-10,4.444776028627254e-08
203065_s_at,CAV1,"caveolin 1, caveolae protein, 22kDa",2256.3723488372093,634.8438372093024,-1.827900018423046,1.6370386218121817e-10,4.73741968958972e-08
208383_s_at,PCK1,phosphoenolpyruvate carboxykinase 1 (soluble),1674.3452651162793,368.73783720930237,-2.179883850653711,1.7782661912360303e-10,5.0158361442167673e-08
205478_at,PPP1R1A,"protein phosphatase 1, regulatory (inhibitor) subunit 1A",1398.2243186046514,149.8789069767442,-3.2131642338651183,1.8383656940370582e-10,5.120537845028471e-08
214505_s_at,FHL1,four and a half LIM domains 1,1473.144606976744,390.82181395348846,-1.9116084289628008,2.011180217121084e-10,5.532731947914706e-08
203337_x_at,ITGB1BP1,integrin beta 1 binding protein 1,1603.572690697675,494.1240999999999,-1.6963270695612098,2.4328750139387416e-10,6.37785340418788e-08
201348_at,GPX3,glutathione peroxidase 3 (plasma),5443.876720930233,2042.0484186046504,-1.4141759896367248,3.2723822905300804e-10,8.193089278638402e-08
209160_at,AKR1C3,"aldo-keto reductase family 1, member C3",2048.712411627907,433.0007813953489,-2.239651958877701,3.4609513261447627e-10,8.523613780292812e-08
206068_s_at,ACADL,"acyl-CoA dehydrogenase, long chain",850.1325069767443,306.12034651162793,-1.4705796596492822,3.735695250845508e-10,9.048097529846789e-08
216379_x_at,CD24,CD24 molecule,2076.09823255814,4945.381395348839,1.2518040369461525,3.8940586994041287e-10,9.329029424143891e-08
214414_x_at,HBA1 /// HBA2,"hemoglobin, alpha 1 /// hemoglobin, alpha 2",5723.928139534884,1631.425604651163,-1.8102403397140348,4.189119521234333e-10,9.73700768003464e-08
201450_s_at,TIA1,TIA1 cytotoxic granule-associated RNA binding protein,207.79751860465115,449.0224186046511,1.107892306745006,4.3841048880792267e-10,1.0071238064027775e-07
214456_x_at,SAA1 /// SAA2,serum amyloid A1 /// serum amyloid A2,3422.8856279069764,611.2318651162789,-2.4834844699479564,4.779370839750123e-10,1.0757446507288079e-07
214093_s_at,FUBP1,far upstream element (FUSE) binding protein 1,360.6132372093024,731.5531627906978,1.0184859724905684,5.394463557841201e-10,1.2020483145937546e-07
208510_s_at,PPARG,peroxisome proliferator-activated receptor gamma,648.982004651163,176.28077674418608,-1.8743636687685943,5.857011932701758e-10,1.2671048242368279e-07
204731_at,TGFBR3,"transforming growth factor, beta receptor III",1831.0935348837213,817.0410674418607,-1.1632479834938532,7.106504600081701e-10,1.4726384454355743e-07
220061_at,ACSM5,acyl-CoA synthetase medium-chain family member 5,662.722458139535,205.85512325581396,-1.6819594012464294,7.13750177745555e-10,1.4726384454355743e-07
212230_at,PPAP2B,phosphatidic acid phosphatase type 2B,1921.0292325581402,945.3045767441862,-1.0222537705844732,7.560364933041578e-10,1.5455744202106927e-07
210869_s_at,MCAM /// MIR6756,melanoma cell adhesion molecule /// microRNA 6756,1409.4284813953489,615.2889674418604,-1.1944546431310807,8.144373228726401e-10,1.6203666844259853e-07
219737_s_at,PCDH9,protocadherin 9,1024.8641860465118,300.05589767441865,-1.768736460324204,8.855246845871103e-10,1.730890047952156e-07
213933_at,PTGER3,prostaglandin E receptor 3 (subtype EP3),2771.12323255814,1202.6133488372093,-1.20361938049632,9.268091686003146e-10,1.79583380034094e-07
221295_at,CIDEA,cell death-inducing DFFA-like effector a,1231.4681860465114,566.5618604651163,-1.1187008562584972,9.85901298466605e-10,1.8659309644990122e-07
215039_at,LINC01140,long intergenic non-protein coding RNA 1140,1564.4047441860464,617.9935813953488,-1.3385393675738866,1.0084423110067984e-09,1.8659309644990122e-07
200878_at,EPAS1,endothelial PAS domain protein 1,3069.173186046511,1210.528295348837,-1.3414919397285403,1.0132282309580418e-09,1.8659309644990122e-07
202988_s_at,RGS1,regulator of G-protein signaling 1,131.1210186046511,583.072611627907,2.144287737983617,1.0505710394555651e-09,1.9188421698515047e-07
201719_s_at,EPB41L2,erythrocyte membrane protein band 4.1-like 2,1780.5929767441862,766.9351860465115,-1.214111318655182,1.205869183910505e-09,2.1669663729901436e-07
221928_at,ACACB,acetyl-CoA carboxylase beta,1510.9803953488374,409.72634186046514,-1.8801900510121476,1.2218527476603727e-09,2.1781235820892866e-07
201963_at,ACSL1,acyl-CoA synthetase long-chain family member 1,3939.3881883720933,1385.7037813953486,-1.5066781226813086,1.330130334921114e-09,2.2976197095385414e-07
212071_s_at,SPTBN1,"spectrin, beta, non-erythrocytic 1",3472.9910465116277,1519.3717906976744,-1.1921698733176151,1.3849155345860572e-09,2.3644242877765765e-07
210299_s_at,FHL1,four and a half LIM domains 1,2509.7477139534885,773.2112465116279,-1.6973179003022427,1.3900263954527287e-09,2.3644242877765765e-07
213706_at,GPD1,glycerol-3-phosphate dehydrogenase 1 (soluble),1305.2264325581395,230.29491395348833,-2.497599560393119,1.4425957876725065e-09,2.414928462894677e-07
218723_s_at,RGCC,regulator of cell cycle,1650.8009302325581,653.9952093023255,-1.3344835684477798,1.4522300140370987e-09,2.414928462894677e-07
202931_x_at,BIN1,bridging integrator 1,809.2966976744186,273.96853488372085,-1.5591837229056662,1.5151701959672293e-09,2.5009287019805755e-07
204134_at,PDE2A,"phosphodiesterase 2A, cGMP-stimulated",876.6169534883724,364.93113953488376,-1.2620192059759665,1.5505776947466588e-09,2.5405531450029263e-07
218237_s_at,SLC38A1,"solute carrier family 38, member 1",737.2890232558137,2210.42411627907,1.582718123784948,1.9958831666830415e-09,3.103954355481209e-07
201539_s_at,FHL1,four and a half LIM domains 1,810.7163953488372,314.30207209302324,-1.364241102783542,1.9891291385314802e-09,3.103954355481209e-07
213071_at,DPT,dermatopontin,2034.3389069767436,317.3766023255814,-2.6764628191304665,2.005876350533115e-09,3.103954355481209e-07
201425_at,ALDH2,aldehyde dehydrogenase 2 family (mitochondrial),4519.729139534885,1831.201720930232,-1.302977131484303,2.0991028652075485e-09,3.2037198044808084e-07
211745_x_at,HBA1 /// HBA2,"hemoglobin, alpha 1 /// hemoglobin, alpha 2",5210.885627906978,836.9817209302328,-2.6368147454952338,2.18897372225706e-09,3.3181565614322494e-07
220327_at,VGLL3,vestigial-like family member 3,914.1349069767442,441.95828372093024,-1.046813600542763,2.484104416968331e-09,3.6902199148870215e-07
218736_s_at,PALMD,palmdelphin,2026.0492558139538,635.5161860465115,-1.671112039493651,2.8166436567018875e-09,4.1565079869065005e-07
216834_at,RGS1,regulator of G-protein signaling 1,548.2255372093022,1350.9922325581397,1.299616250292143,2.9702440818486803e-09,4.3543387418311936e-07
201426_s_at,VIM,vimentin,3749.424674418605,1846.6577883720927,-1.0213563920014963,3.1687954811221733e-09,4.615050307571594e-07
202286_s_at,TACSTD2,tumor-associated calcium signal transducer 2,976.2290046511627,3728.6219069767426,1.9322607944050374,3.6304920024819544e-09,5.253133330604246e-07
207275_s_at,ACSL1,acyl-CoA synthetase long-chain family member 1,2428.8121162790703,987.7227674418605,-1.2972068037888043,4.255927626449622e-09,5.994335604549524e-07
203296_s_at,ATP1A2,"ATPase, Na+/K+ transporting, alpha 2 polypeptide",815.23318372093,336.00159302325585,-1.2762259530181617,4.319879152431645e-09,6.016241697102147e-07
209183_s_at,C10orf10,chromosome 10 open reading frame 10,1349.3205116279069,389.65353023255807,-1.7893403289234715,4.840501258379201e-09,6.62056003880906e-07
266_s_at,CD24,CD24 molecule,402.48181162790695,2773.110430232558,2.7814496733084724,4.827633444031173e-09,6.62056003880906e-07
209614_at,ADH1B,"alcohol dehydrogenase 1B (class I), beta polypeptide",981.8002976744185,246.73823255813954,-1.9880817629213217,5.0200435124883935e-09,6.779492702350235e-07
58780_s_at,ARHGEF40,Rho guanine nucleotide exchange factor (GEF) 40,1027.4835813953484,333.71547209302327,-1.6195116173156938,5.336396531094249e-09,7.163308668817659e-07
211458_s_at,GABARAPL1 /// GABARAPL3,"GABA(A) receptor-associated protein like 1 /// GABA(A) receptors associated protein like 3, pseudogene",1252.487430232558,448.19121627906964,-1.4805459072233629,5.8594994285439376e-09,7.725871347115063e-07
209512_at,HSDL2,hydroxysteroid dehydrogenase like 2,691.9323325581396,216.5196581395349,-1.6715686855638887,6.035277403091858e-09,7.86456645456701e-07
209686_at,S100B,S100 calcium binding protein B,822.9033488372094,240.39751395348839,-1.771064287933931,6.286248200956816e-09,8.096905703001198e-07
202464_s_at,PFKFB3,"6-phosphofructo-2-kinase/fructose-2,6-biphosphatase 3",2805.633627906977,1340.6551162790702,-1.0648268874298812,6.611081373699774e-09,8.417984357151547e-07
203336_s_at,ITGB1BP1,integrin beta 1 binding protein 1,1082.5288302325575,410.01850465116286,-1.3984622880572835,6.733780404579679e-09,8.525501633820965e-07
203986_at,FAM47E /// FAM47E-STBD1 /// STBD1,"family with sequence similarity 47, member E /// FAM47E-STBD1 readthrough /// starch binding domain 1",1455.1143232558143,453.1310232558139,-1.680943128943758,7.477825978673403e-09,9.414033688292623e-07
202283_at,SERPINF1,"serpin peptidase inhibitor, clade F (alpha-2 antiplasmin, pigment epithelium derived factor), member 1",2212.1349302325584,904.4296023255814,-1.2894170316596487,8.085474818520238e-09,1.0065286892798127e-06
218677_at,S100A14,S100 calcium binding protein A14,569.9606744186048,1227.2259302325576,1.1051126797867579,8.294753962630043e-09,1.0268444586071403e-06
201135_at,ECHS1,"enoyl CoA hydratase, short chain, 1, mitochondrial",2124.411674418605,1023.2399790697676,-1.0531885283596727,8.92888710460529e-09,1.0872261822509274e-06
202003_s_at,ACAA2,acetyl-CoA acyltransferase 2,1662.9118604651164,728.1352325581396,-1.1903206932781811,8.89010612560262e-09,1.0872261822509274e-06
208607_s_at,SAA1 /// SAA2 /// SAA2-SAA4,serum amyloid A1 /// serum amyloid A2 /// SAA2-SAA4 readthrough,1303.7513186046513,311.5313930232559,-2.0617018425752756,8.904656596360952e-09,1.0872261822509274e-06
204389_at,MAOA,monoamine oxidase A,923.0431860465117,449.13730232558135,-1.037595154912324,9.589559683975699e-09,1.155049505070435e-06
209513_s_at,HSDL2,hydroxysteroid dehydrogenase like 2,1240.6173674418603,435.2832139534884,-1.5088837708079834,9.714891538985553e-09,1.1638544524904036e-06
214439_x_at,BIN1,bridging integrator 1,1319.9436976744184,557.3477674418605,-1.242333085072187,1.1385850126977639e-08,1.3197221008843028e-06
205610_at,MYOM1,myomesin 1,859.5457441860466,253.0637976744186,-1.7600610678867161,1.143052396314098e-08,1.3197221008843028e-06
221747_at,TNS1,tensin 1,2309.6792093023255,838.1104186046512,-1.4613844122934976,1.192443713391024e-08,1.369650683788257e-06
216894_x_at,CDKN1C,"cyclin-dependent kinase inhibitor 1C (p57, Kip2)",514.833534883721,222.26143720930233,-1.208171483863817,1.1989900437803462e-08,1.3701074433619207e-06
205412_at,ACAT1,acetyl-CoA acetyltransferase 1,2673.845069767442,1315.4619069767446,-1.0227895550136246,1.288833546918747e-08,1.4578212145172812e-06
218186_at,RAB25,"RAB25, member RAS oncogene family",218.4143651162791,726.1065488372094,1.7285088070185164,1.3171378160556252e-08,1.4823122199579544e-06
202990_at,PYGL,"phosphorylase, glycogen, liver",1573.4887906976746,779.5233720930233,-1.0123697482805736,1.5573595002359653e-08,1.6928117923784396e-06
206100_at,CPM,carboxypeptidase M,954.9857906976747,416.9532162790697,-1.1936477120227529,1.7231437370593287e-08,1.8549184489320298e-06
201664_at,SMC4,structural maintenance of chromosomes 4,295.6000279069767,727.7396976744185,1.2968848492801017,2.097209334488703e-08,2.1521201362020003e-06
201106_at,GPX4,glutathione peroxidase 4,1967.1806511627906,894.2209069767439,-1.1365470112658147,2.0892725396142214e-08,2.1521201362020003e-06
212122_at,RHOQ,ras homolog family member Q,580.3881325581395,218.16404418604657,-1.407490492380637,2.2360940223390654e-08,2.251550403038131e-06
201690_s_at,TPD52,tumor protein D52,1010.7884418604652,2303.6695813953484,1.187652263703061,2.3076181097923298e-08,2.305858939035986e-06
202862_at,FAH,fumarylacetoacetate hydrolase (fumarylacetoacetase),989.8662790697676,449.22900000000004,-1.1380313875425074,2.4077980762495832e-08,2.338975981644397e-06
206243_at,TIMP4,TIMP metallopeptidase inhibitor 4,985.5858837209304,133.32084418604651,-2.8767614425602575,2.412706145451302e-08,2.338975981644397e-06
205824_at,HSPB2,heat shock 27kDa protein 2,202.14912790697676,79.60074883720931,-1.3336740237064693,2.3787534821044965e-08,2.338975981644397e-06
219298_at,ECHDC3,enoyl CoA hydratase domain containing 3,675.6145069767441,199.87973720930233,-1.7520020632255546,2.4142372022537864e-08,2.338975981644397e-06
203851_at,IGFBP6,insulin-like growth factor binding protein 6,1375.3283023255813,540.3985581395349,-1.346061693734594,2.407777565617674e-08,2.338975981644397e-06
201131_s_at,CDH1,"cadherin 1, type 1, E-cadherin (epithelial)",520.8863581395349,2027.4302790697673,1.958556119074529,2.4513476415665307e-08,2.3562896333031537e-06
209581_at,PLA2G16,"phospholipase A2, group XVI",1675.5991395348838,310.59841860465116,-2.427777977429788,2.4532567200391852e-08,2.3562896333031537e-06
204997_at,GPD1,glycerol-3-phosphate dehydrogenase 1 (soluble),963.7564627906977,129.1466837209302,-2.890026252472801,2.4775909755300457e-08,2.369448914495108e-06
204223_at,PRELP,proline/arginine-rich end leucine-rich repeat protein,1708.1702558139536,575.445723255814,-1.568039436867639,2.7737044920033806e-08,2.586044234113445e-06
213765_at,MFAP5,microfibrillar associated protein 5,1153.6570000000002,522.0059558139534,-1.1425650707043915,2.9150055743309217e-08,2.694434500736774e-06
203435_s_at,MME,membrane metallo-endopeptidase,768.6554883720929,380.71676744186044,-1.0117102537293374,2.9262359160718903e-08,2.694434500736774e-06
205932_s_at,MSX1,msh homeobox 1,634.152711627907,279.8513139534884,-1.177296952455091,3.300335439224466e-08,2.9653780077515634e-06
213397_x_at,RNASE4,"ribonuclease, RNase A family, 4",2426.0573488372092,1190.751953488372,-1.0261242080357642,3.4437525925670055e-08,3.069485560806823e-06
213150_at,HOXA10,homeobox A10,649.2630813953486,290.4188069767442,-1.1579295312353097,3.5241417825216384e-08,3.103891357309473e-06
208789_at,PTRF,polymerase I and transcript release factor,2624.919069767442,1080.4044418604653,-1.279916265977141,3.54621750205794e-08,3.111037976313271e-06
204039_at,CEBPA,"CCAAT/enhancer binding protein (C/EBP), alpha",1680.6905348837213,779.465465116279,-1.1075055441213746,3.619181834273201e-08,3.1625972083572442e-06
217730_at,MIR6513 /// TMBIM1,microRNA 6513 /// transmembrane BAX inhibitor motif containing 1,795.7219674418603,336.262288372093,-1.2402053441912089,4.0189715110383186e-08,3.457712053299879e-06
209602_s_at,GATA3,GATA binding protein 3,217.85442790697672,1086.3222465116278,2.3127360927604497,4.5530945703737146e-08,3.85766563922576e-06
201890_at,RRM2,ribonucleotide reductase M2,929.2073953488369,2373.607488372094,1.3520647475805667,4.755264970807398e-08,3.998549786584953e-06
204159_at,CDKN2C,"cyclin-dependent kinase inhibitor 2C (p18, inhibits CDK4)",1718.4809418604652,334.43027906976744,-2.3578882945924358,5.1218605074218986e-08,4.211454527191224e-06
201286_at,SDC1,syndecan 1,234.25249767441863,911.0396953488375,1.954886577073243,5.5017676235243224e-08,4.490691866483241e-06
219563_at,LINC00341 /// SYNE3,"long intergenic non-protein coding RNA 341 /// spectrin repeat containing, nuclear envelope family member 3",2457.4392325581393,1199.9014651162793,-1.0336249135471862,5.690154844314913e-08,4.610680741667971e-06
209576_at,GNAI1,"guanine nucleotide binding protein (G protein), alpha inhibiting activity polypeptide 1",803.4699069767441,359.4411674418605,-1.1582746580838081,5.7483871791333195e-08,4.640989547558977e-06
221841_s_at,KLF4,Kruppel-like factor 4 (gut),2700.6643023255815,1051.4195186046513,-1.3601385117792077,6.122793505230152e-08,4.89011497050335e-06
202963_at,RFX5,"regulatory factor X, 5 (influences HLA class II expression)",359.52006976744184,769.2404651162789,1.0952293431144644,6.495456469978263e-08,5.1325622879619015e-06
213605_s_at,,,487.0342372093023,1187.1559534883725,1.2836699457686371,6.906393804692731e-08,5.418844124998877e-06
201325_s_at,EMP1,epithelial membrane protein 1,2127.9438139534886,892.1592325581393,-1.2531485681177736,7.435475502741552e-08,5.693632323972165e-06
201005_at,CD9,CD9 molecule,461.69757674418616,1932.4971162790698,2.0630711644067663,7.51549231657831e-08,5.735195729120359e-06
212219_at,PSME4,"proteasome (prosome, macropain) activator subunit 4",494.37220930232553,1093.5785348837207,1.1437906302644552,7.851356918902359e-08,5.930569024539026e-06
212112_s_at,STX12,syntaxin 12,1042.9880465116282,417.57751162790703,-1.3185384844061345,8.134349617085686e-08,6.123571368835146e-06
218031_s_at,FOXN3,forkhead box N3,456.8229744186047,132.90146511627907,-1.773618115506652,8.358662066784342e-08,6.271248041554057e-06
212282_at,TMEM97,transmembrane protein 97,425.0961860465118,1200.9094186046511,1.4960771288074246,8.552448948914221e-08,6.3867361094241185e-06
203358_s_at,EZH2,enhancer of zeste 2 polycomb repressive complex 2 subunit,208.84693953488375,528.6075255813954,1.3355861998832448,8.569914718475122e-08,6.3867361094241185e-06
201105_at,LGALS1,"lectin, galactoside-binding, soluble, 1",2913.2159302325576,1406.174976744186,-1.0503060452915889,8.599095588490715e-08,6.3871215666112875e-06
203799_at,CD302 /// LY75 /// LY75-CD302,CD302 molecule /// lymphocyte antigen 75 /// LY75-CD302 readthrough,930.9747906976745,451.27900465116284,-1.043077905617889,8.829785288346986e-08,6.53668124851282e-06
209458_x_at,HBA1 /// HBA2,"hemoglobin, alpha 1 /// hemoglobin, alpha 2",3201.2709302325575,529.0273953488373,-2.5949565383661812,8.952840794904507e-08,6.605832828902554e-06
212281_s_at,TMEM97,transmembrane protein 97,110.73442093023256,589.3628860465117,2.4015283360503075,9.462321933301861e-08,6.935819724992282e-06
214063_s_at,TF,transferrin,1235.5847372093024,212.57566511627908,-2.53354192373319,9.539255074520129e-08,6.969285928705969e-06
210740_s_at,ITPK1,inositol-tetrakisphosphate 1-kinase,1307.149465116279,515.3667674418604,-1.3410593289843762,9.578532307978064e-08,6.9751122685841575e-06
213518_at,PRKCI,"protein kinase C, iota",317.1925558139535,686.9609604651164,1.1124266151337296,1.051407765515134e-07,7.582045061156548e-06
212653_s_at,EHBP1,EH domain binding protein 1,1515.0880465116277,544.2524651162789,-1.4753572476726464,1.0720579726055134e-07,7.681243666742333e-06
202193_at,LIMK2,LIM domain kinase 2,399.8597906976744,935.057811627907,1.2234999230795396,1.1357847002044502e-07,8.085843602126441e-06
219093_at,PID1,phosphotyrosine interaction domain containing 1,829.8926046511624,305.64995116279067,-1.4380692951917307,1.1751305849440891e-07,8.339310453601636e-06
206262_at,ADH1C,"alcohol dehydrogenase 1C (class I), gamma polypeptide",1002.3262093023254,499.8892465116282,-1.0022271984514177,1.2075960604049556e-07,8.48197823212921e-06
216331_at,ITGA7,"integrin, alpha 7",708.712911627907,188.2378511627907,-1.9070348692288541,1.210460475616878e-07,8.48197823212921e-06
208737_at,ATP6V1G1,"ATPase, H+ transporting, lysosomal 13kDa, V1 subunit G1",488.0880465116281,1079.317013953488,1.1432886163678992,1.240921481348795e-07,8.668167200280626e-06
202724_s_at,FOXO1,forkhead box O1,1291.8135813953488,602.0454441860464,-1.1001756295488399,1.3075374347993795e-07,9.076590859699244e-06
202768_at,FOSB,FBJ murine osteosarcoma viral oncogene homolog B,2128.2044883720937,506.16341860465093,-2.0697919189779315,1.5641871092387e-07,1.0691650722443545e-05
210678_s_at,AGPAT2,1-acylglycerol-3-phosphate O-acyltransferase 2,506.7685720930233,246.91198604651152,-1.0343430788395023,1.569213194428289e-07,1.069320416252158e-05
202112_at,VWF,von Willebrand factor,1549.3290465116281,664.1894906976745,-1.220737169108183,1.7401049691177986e-07,1.1679144285196358e-05
219054_at,NPR3,natriuretic peptide receptor 3,1482.083511627907,668.9992139534884,-1.146368529348053,1.7515221205459917e-07,1.1720470694332233e-05
201417_at,SOX4,SRY (sex determining region Y)-box 4,472.17468139534895,1450.2762,1.6168773272004273,2.2903668272418805e-07,1.4922878365915445e-05
213515_x_at,HBG1 /// HBG2,"hemoglobin, gamma A /// hemoglobin, gamma G",1234.3160139534884,461.3629651162791,-1.41778240498764,2.3029715091306068e-07,1.4961257766168312e-05
214677_x_at,IGLC1,immunoglobulin lambda constant 1 (Mcg marker),902.9870558139534,2950.064995348837,1.7068616756118757,2.485412906131093e-07,1.600649011194195e-05
205022_s_at,FOXN3,forkhead box N3,299.757534883721,92.98976279069765,-1.678025347212671,2.546772182084092e-07,1.6354387473596492e-05
210715_s_at,SPINT2,"serine peptidase inhibitor, Kunitz type, 2",456.81677674418603,1399.9403023255816,1.6135532434399378,2.5583612485730287e-07,1.6381598764928967e-05
210831_s_at,PTGER3,prostaglandin E receptor 3 (subtype EP3),643.5193581395349,277.34262558139534,-1.2113618296840074,2.6234450057835714e-07,1.670235001825009e-05
205968_at,KCNS3,"potassium voltage-gated channel, delayed-rectifier, subfamily S, member 3",483.30987441860464,1102.7730232558142,1.188441207972968,3.004967035409042e-07,1.8915163968932115e-05
214212_x_at,FERMT2,fermitin family member 2,451.24977906976744,203.35975116279067,-1.1460087139064534,3.3413538161730784e-07,2.0673173136272314e-05
201448_at,TIA1,TIA1 cytotoxic granule-associated RNA binding protein,226.1594511627907,546.8940744186046,1.2701916694981619,3.3491969224046607e-07,2.0673173136272314e-05
202982_s_at,ACOT1 /// ACOT2,acyl-CoA thioesterase 1 /// acyl-CoA thioesterase 2,599.1253372093025,144.8821511627907,-2.0404604627595493,3.372368107404319e-07,2.075869572853327e-05
209008_x_at,KRT8,keratin 8,841.4356976744186,1784.8397906976738,1.083964184735567,3.673289473261421e-07,2.2383196841891656e-05
212915_at,PDZRN3,PDZ domain containing ring finger 3,861.197093023256,423.634488372093,-1.0217961481509994,3.781989544084501e-07,2.2838502170957975e-05
212993_at,NACC2,"NACC family member 2, BEN and BTB (POZ) domain containing",439.25390232558146,190.43380930232556,-1.2014901438499053,3.828920624148937e-07,2.305941574808399e-05
209604_s_at,GATA3,GATA binding protein 3,1314.326418604651,2813.9263488372094,1.0976763043443383,3.858802477667869e-07,2.3176737361151785e-05
208651_x_at,CD24,CD24 molecule,1123.6807906976746,2434.216906976745,1.1145346894316022,4.5120978517777775e-07,2.638925890581738e-05
209603_at,GATA3,GATA binding protein 3,322.99090232558143,1170.381153488372,1.8541853801583625,4.5603734503170026e-07,2.6532324175826048e-05
204276_at,TK2,"thymidine kinase 2, mitochondrial",464.72380930232555,230.29483488372094,-1.0097415901984164,4.7597004323983313e-07,2.7619897066440632e-05
209487_at,RBPMS,RNA binding protein with multiple splicing,1452.52081627907,677.8693279069767,-1.0983459235638726,4.835193388927229e-07,2.7840468807613814e-05
221024_s_at,SLC2A10,"solute carrier family 2 (facilitated glucose transporter), member 10",444.09313720930226,1345.171186046512,1.5966827206452217,4.813144468928801e-07,2.7840468807613814e-05
222351_at,PPP2R1B,"protein phosphatase 2, regulatory subunit A, beta",836.5062325581398,255.7897255813954,-1.7055124468368135,4.94744585793598e-07,2.8267675910868574e-05
209540_at,IGF1,insulin-like growth factor 1 (somatomedin C),1510.6168372093025,614.3335930232558,-1.296651832196055,5.035289111386966e-07,2.862279267067239e-05
212886_at,CCDC69,coiled-coil domain containing 69,425.4617255813953,121.83421395348839,-1.7957038056654633,5.140223688654023e-07,2.9144937520172417e-05
217853_at,TNS3,tensin 3,1305.8174186046513,586.2443953488372,-1.1540246453806118,5.283204428098589e-07,2.980396057501794e-05
201596_x_at,KRT18,keratin 18,342.674911627907,1757.6055744186044,2.355315503421464,5.441706860267584e-07,3.0506397149829488e-05
218175_at,CCDC92,coiled-coil domain containing 92,554.0784883720931,187.7632325581395,-1.5561140008191703,5.532883771538432e-07,3.0745448648676036e-05
209016_s_at,KRT7,keratin 7,70.49846976744185,617.4123046511628,3.112584754763768,5.549854547369301e-07,3.076303703458461e-05
218625_at,NRN1,neuritin 1,1543.3480930232563,750.9071395348836,-1.0383715645771714,5.696678396500078e-07,3.1498532185908496e-05
211922_s_at,CAT,catalase,1111.0583720930233,319.1426279069767,-1.7964458235456278,6.231460588447171e-07,3.378482634850811e-05
201650_at,KRT19,keratin 19,291.798188372093,2541.332223255814,3.1181740367154185,6.545397782709177e-07,3.4892607366533157e-05
218773_s_at,MSRB2,methionine sulfoxide reductase B2,688.2153465116279,276.2794465116279,-1.3136141461015471,6.996878145520501e-07,3.6945837847543446e-05
207977_s_at,DPT,dermatopontin,751.5045372093024,295.5923139534884,-1.3432190690640484,7.51044470559322e-07,3.947057532422964e-05
201202_at,PCNA,proliferating cell nuclear antigen,448.83712558139536,950.1853953488371,1.0803238305557468,8.154203874685621e-07,4.225584300921388e-05
205200_at,CLEC3B /// EXOSC7,"C-type lectin domain family 3, member B /// exosome component 7",988.986534883721,406.8156883720931,-1.279491626931482,8.278740948329549e-07,4.280166694933349e-05
217771_at,GOLM1,golgi membrane protein 1,368.16122093023256,840.4939302325582,1.1887018543365893,8.33654269714738e-07,4.300073632419794e-05
213247_at,SVEP1,"sushi, von Willebrand factor type A, EGF and pentraxin domain containing 1",1125.120604651163,475.3375813953488,-1.2413050626830904,8.400005454996442e-07,4.322801883456945e-05
213486_at,COPG2IT1,COPG2 imprinted transcript 1 (non-protein coding),2241.135465116279,979.9141627906977,-1.1926746447358,8.524872829100015e-07,4.3568747993310926e-05
222209_s_at,TMEM135,transmembrane protein 135,866.9915674418604,416.76011395348837,-1.0550062706311285,8.896323371529533e-07,4.505381220177104e-05
219117_s_at,FKBP11,"FK506 binding protein 11, 19 kDa",212.47560465116283,643.5297790697676,1.594175804230031,9.094640783571103e-07,4.584974673762781e-05
212013_at,PXDN,peroxidasin homolog (Drosophila),1440.4307441860465,707.3524511627908,-1.0249622437736399,9.203453311589887e-07,4.618931309508051e-05
37117_at,ARHGAP8 /// PRR5-ARHGAP8,Rho GTPase activating protein 8 /// PRR5-ARHGAP8 readthrough,239.1420558139535,569.017653488372,1.2471185170505537,9.246686321772546e-07,4.630200254113654e-05
205158_at,RNASE4,"ribonuclease, RNase A family, 4",615.7483348837209,288.6976627906976,-1.0901338701503946,1.0442258222759218e-06,5.1010574638074254e-05
202796_at,SYNPO,synaptopodin,1085.0396046511628,482.96046511627895,-1.1661156117102172,1.0782088689571566e-06,5.222984397167896e-05
215379_x_at,IGLV1-44,immunoglobulin lambda variable 1-44,486.88986976744184,1620.3470232558138,1.732565476085165,1.0902770427678812e-06,5.2699877101945115e-05
213800_at,CFH,complement factor H,1445.7472325581393,713.6363162790699,-1.0175317488655096,1.123223030737717e-06,5.389561057050259e-05
221521_s_at,GINS2,GINS complex subunit 2 (Psf2 homolog),194.68647674418608,555.1219116279071,1.5068571221000273,1.2081090378323708e-06,5.7155612929976045e-05
211699_x_at,HBA1 /// HBA2,"hemoglobin, alpha 1 /// hemoglobin, alpha 2",2149.202511627907,495.71590697674407,-2.113979689040919,1.2186096292061536e-06,5.743444727593389e-05
219534_x_at,CDKN1C,"cyclin-dependent kinase inhibitor 1C (p57, Kip2)",183.21578139534878,76.48523953488372,-1.2494032424308084,1.2195075800202986e-06,5.743444727593389e-05
213236_at,SASH1,SAM and SH3 domain containing 1,1029.050906976744,451.4267209302324,-1.1869595953008847,1.2586017020697785e-06,5.891895320844722e-05
201242_s_at,ATP1B1,"ATPase, Na+/K+ transporting, beta 1 polypeptide",771.4730232558139,1780.9877906976742,1.205930995869087,1.278666308344626e-06,5.9483343108232363e-05
208029_s_at,LAPTM4B,lysosomal protein transmembrane 4 beta,635.4282790697674,1726.0823953488373,1.4402670654020155,1.2918849925762584e-06,5.984838521741531e-05
206093_x_at,TNXA /// TNXB,tenascin XA (pseudogene) /// tenascin XB,410.79817441860445,133.94142558139535,-1.6096041259328493,1.3697459163621626e-06,6.241727659365658e-05
206385_s_at,ANK3,"ankyrin 3, node of Ranvier (ankyrin G)",762.5776558139536,1613.5087209302328,1.0802484422162313,1.404161685847173e-06,6.35953960279117e-05
200770_s_at,LAMC1,"laminin, gamma 1 (formerly LAMB2)",823.5338604651164,407.4541395348838,-1.0134046365005063,1.4932778126768396e-06,6.735771153821462e-05
217414_x_at,HBA1 /// HBA2,"hemoglobin, alpha 1 /// hemoglobin, alpha 2",755.0313279069767,173.9021395348837,-2.1118980795899915,1.5081188672124947e-06,6.788972266282024e-05
210298_x_at,FHL1,four and a half LIM domains 1,673.8563767441859,129.299488372093,-2.3727490806861837,1.5914600477277044e-06,7.092500848703287e-05
213913_s_at,TBC1D30,"TBC1 domain family, member 30",327.9657906976745,661.1017720930234,1.0091154264217879,1.7501981010208444e-06,7.677099268710133e-05
209896_s_at,PTPN11,"protein tyrosine phosphatase, non-receptor type 11",420.6215000000001,195.08724186046513,-1.1044527654035046,1.8149263807788296e-06,7.929804812332286e-05
203215_s_at,MYO6,myosin VI,98.81326976744187,330.977765116279,1.7337830835312809,1.9175548451708627e-06,8.329215324550162e-05
209616_s_at,CES1 /// LOC100653057,carboxylesterase 1 /// liver carboxylesterase 1-like,560.5755976744186,139.80176976744187,-1.995814779481018,2.0007104991352888e-06,8.639889932603031e-05
212457_at,TFE3,transcription factor binding to IGHM enhancer 3,909.3304302325577,411.8913023255814,-1.1406282793849978,2.104038618075628e-06,8.9989045156582e-05
221671_x_at,IGK /// IGKC,immunoglobulin kappa locus /// immunoglobulin kappa constant,1378.0526511627909,3094.620325581395,1.1665509984935853,2.1620785354550487e-06,9.159238784324117e-05
206030_at,ASPA,aspartoacylase,587.1765976744185,132.42952093023263,-2.1401714892090684,2.1871719111370985e-06,9.247960473599234e-05
203400_s_at,TF,transferrin,1156.8159627906978,302.0842813953489,-1.9336150143326831,2.3198145266843655e-06,9.734920357459081e-05
213309_at,PLCL2,phospholipase C-like 2,532.3995813953487,239.23219767441853,-1.1507871681489588,2.3318296782460742e-06,9.766947503826555e-05
203812_at,SLIT3,slit homolog 3 (Drosophila),826.2920465116279,370.4507209302325,-1.1552258861721199,2.4287653417461114e-06,0.00010078245458124507
202345_s_at,FABP5,fatty acid binding protein 5 (psoriasis-associated),1643.3117720930236,570.7549186046512,-1.5240150924227485,2.6668357499233146e-06,0.00010903688259732334
203397_s_at,GALNT3,polypeptide N-acetylgalactosaminyltransferase 3,258.6272302325581,761.9484302325583,1.555143840592499,2.679310562273325e-06,0.00010934629534640386
200750_s_at,RAN,"RAN, member RAS oncogene family",689.650188372093,1439.3426441860463,1.0603849749928989,2.708150965789441e-06,0.00010991935878084903
200844_s_at,PRDX6,peroxiredoxin 6,541.3273488372095,265.061511627907,-1.0274040996973537,2.7512798832638946e-06,0.00011113909575966615
204798_at,MYB,v-myb avian myeloblastosis viral oncogene homolog,575.1289534883721,1278.3031395348837,1.1508944933689726,2.7631404681082014e-06,0.00011113909575966615
201952_at,ALCAM,activated leukocyte cell adhesion molecule,1234.345046511628,2550.1006744186043,1.0462057734075245,2.806168960700386e-06,0.0001126664197320481
202539_s_at,HMGCR,3-hydroxy-3-methylglutaryl-CoA reductase,258.1762418604651,540.2684744186047,1.062410886856856,2.9011891522148943e-06,0.0001160631918829524
212036_s_at,PNN,"pinin, desmosome associated protein",169.95407674418604,418.66327441860454,1.2956233884390052,3.065905740724841e-06,0.00012151920854067361
209894_at,LEPR /// LEPROT,leptin receptor /// leptin receptor overlapping transcript,772.030953488372,369.8963093023257,-1.0595102712865292,3.096917522235174e-06,0.00012235569707086237
204419_x_at,HBG1 /// HBG2,"hemoglobin, gamma A /// hemoglobin, gamma G",858.391276744186,232.21806046511622,-1.8816356175718558,3.1471413668430873e-06,0.00012368210066554587
221599_at,AAMDC,"adipogenesis associated, Mth938 domain containing",1245.0028139534884,620.9202558139534,-1.00250581520068,3.408292632817329e-06,0.00013185240405741067
213451_x_at,TNXA /// TNXB,tenascin XA (pseudogene) /// tenascin XB,387.3781418604652,137.84740232558138,-1.4839618211037795,3.5185836484226386e-06,0.00013525006317142697
201465_s_at,JUN,jun proto-oncogene,450.4638767441862,132.66029069767444,-1.756039640062157,3.9669652495886895e-06,0.0001498235367060759
203213_at,CDK1,cyclin-dependent kinase 1,374.4679883720931,788.7312790697674,1.0726719208788846,4.011794324300606e-06,0.00015091024683368506
213175_s_at,SNRPB,small nuclear ribonucleoprotein polypeptides B and B1,738.1852558139536,2028.1602325581396,1.4568749065664315,4.097502750138987e-06,0.00015296464000061043
200895_s_at,FKBP4,"FK506 binding protein 4, 59kDa",656.7640930232558,1433.1956976744184,1.1245997353774715,4.1215999160855255e-06,0.00015358128918082568
202054_s_at,ALDH3A2,"aldehyde dehydrogenase 3 family, member A2",1221.6936046511628,588.800623255814,-1.0517636715039875,4.322330253288076e-06,0.0001595182119315026
213693_s_at,MUC1,"mucin 1, cell surface associated",162.96332558139537,904.5384279069767,2.4654027086408217,4.331037931093618e-06,0.0001595182119315026
209803_s_at,PHLDA2,"pleckstrin homology-like domain, family A, member 2",196.32498837209303,440.51061627906967,1.1618744641935437,4.329842831792889e-06,0.0001595182119315026
204018_x_at,HBA1 /// HBA2,"hemoglobin, alpha 1 /// hemoglobin, alpha 2",1771.9451395348842,440.811323255814,-2.004645596082039,4.401987505817275e-06,0.0001610664820888774
221651_x_at,IGK /// IGKC,immunoglobulin kappa locus /// immunoglobulin kappa constant,1494.329511627907,3039.035,1.0236245010255822,5.1887304974261405e-06,0.00018440268209592771
203917_at,CXADR,coxsackie virus and adenovirus receptor,402.13953488372096,1109.936255813954,1.4624248622697438,5.467692756925374e-06,0.0001927794267445698
209138_x_at,IGLC1,immunoglobulin lambda constant 1 (Mcg marker),953.7426976744187,2767.691395348837,1.53602037100398,5.5003140986572796e-06,0.00019331782186179835
217437_s_at,TACC1,"transforming, acidic coiled-coil containing protein 1",667.4699348837207,331.22649534883726,-1.008695541039456,5.767808806626455e-06,0.00020144840695620266
208079_s_at,AURKA,aurora kinase A,385.12741860465115,820.5119302325581,1.0892045240011914,5.8508959247311345e-06,0.0002037117404543498
201947_s_at,CCT2,"chaperonin containing TCP1, subunit 2 (beta)",839.0750930232558,1816.861458139535,1.1136520547746165,6.210762160063872e-06,0.0002139017205760483
207302_at,SGCG,"sarcoglycan, gamma (35kDa dystrophin-associated glycoprotein)",717.1513488372094,343.4823093023257,-1.0598580249087728,6.323422904829903e-06,0.0002167766655204996
206201_s_at,MEOX2,mesenchyme homeobox 2,361.8779976744186,90.7837858139535,-1.9831733647030891,6.681733927495139e-06,0.00022731156810133464
219209_at,IFIH1,interferon induced with helicase C domain 1,174.2502581395349,445.0893046511629,1.347915989461966,6.921046571108108e-06,0.0002333157046051467
213221_s_at,SIK2,salt-inducible kinase 2,483.93187441860465,233.46608372093016,-1.0484028374205652,7.164453015744987e-06,0.0002400684309020234
201363_s_at,IVNS1ABP,influenza virus NS1A binding protein,197.51350232558138,421.59715813953494,1.0900459268094502,7.1640963468053714e-06,0.0002400684309020234
201274_at,PSMA5,"proteasome (prosome, macropain) subunit, alpha type, 5",119.20053720930233,437.40122558139535,1.8668084875943771,7.36271300311696e-06,0.0002452366724192156
214705_at,INADL,InaD-like (Drosophila),41.81853116279069,137.3538630232558,1.6920557146677233,7.768366445965519e-06,0.0002556905605841206
204363_at,F3,"coagulation factor III (thromboplastin, tissue factor)",390.24497674418615,188.5737697674419,-1.0453128685486444,7.980745682562076e-06,0.000261137967759957
212006_at,UBXN4,UBX domain protein 4,206.27422790697676,429.2655744186046,1.0536866691905085,7.973235297966395e-06,0.000261137967759957
218009_s_at,PRC1,protein regulator of cytokinesis 1,121.48171627906976,580.418134883721,2.247009667052468,8.112131613944327e-06,0.0002646597785556683
210046_s_at,IDH2,"isocitrate dehydrogenase 2 (NADP+), mitochondrial",189.74646976744188,592.6162488372094,1.637874226168094,8.926311302085583e-06,0.00028910609701217013
208790_s_at,PTRF,polymerase I and transcript release factor,285.95773488372095,131.29916511627908,-1.117034305051334,9.007828699088464e-06,0.00029132285471957653
210078_s_at,KCNAB1,"potassium voltage-gated channel, shaker-related subfamily, beta member 1",171.5578558139535,61.61401162790697,-1.4625227133731833,9.048173997351238e-06,0.0002917732583424623
220720_x_at,MZT2B,mitotic spindle organizing protein 2B,119.23131395348837,284.4775186046513,1.2475644462153905,9.072044564585616e-06,0.0002917732583424623
217794_at,PRR13,proline rich 13,223.50069302325585,456.91380697674407,1.02835616717482,9.063907543176458e-06,0.0002917732583424623
208451_s_at,C4A /// C4B /// C4B_2,"complement component 4A (Rodgers blood group) /// complement component 4B (Chido blood group) /// complement component 4B (Chido blood group), copy 2",716.0037116279071,1621.7403604651156,1.1783796938992104,9.34153603963755e-06,0.0002973677822446336
39248_at,AQP3,aquaporin 3 (Gill blood group),349.20448139534886,924.2846511627909,1.4016997139491816,9.508413223399869e-06,0.00030138829567143567
203769_s_at,STS,"steroid sulfatase (microsomal), isozyme S",631.2055953488369,222.20957441860455,-1.5019948920122677,9.784595781839609e-06,0.0003083877621028741
214836_x_at,IGK /// IGKC,immunoglobulin kappa locus /// immunoglobulin kappa constant,1715.6281627906976,3502.7273023255816,1.0293129209251588,1.0078404042674175e-05,0.0003167518720492364
202189_x_at,MIR4745 /// PTBP1,microRNA 4745 /// polypyrimidine tract binding protein 1,472.7361953488372,1005.1196837209302,1.08664612328028,1.0295906214649237e-05,0.0003226774657961026
208650_s_at,CD24,CD24 molecule,168.07486511627914,949.1269023255813,2.4904580149745588,1.355283090959427e-05,0.0004075542930613888
216862_s_at,CMC4,C-x(9)-C motif containing 4,572.055788372093,281.2111511627907,-1.021900600627866,1.3759193574587633e-05,0.00041255037231712534
209209_s_at,FERMT2,fermitin family member 2,265.25616744186044,110.82799069767442,-1.2515336017787093,1.418379361393349e-05,0.00042310237362688086
219028_at,HIPK2,homeodomain interacting protein kinase 2,404.7760255813953,187.34291627906978,-1.1073218555827957,1.5059534749129003e-05,0.0004415415958090021
211719_x_at,FN1,fibronectin 1,1203.8191604651165,3581.796844186046,1.5722696217810903,1.5859382783329812e-05,0.00046014925333455497
204224_s_at,GCH1,GTP cyclohydrolase 1,359.2854976744186,721.3730069767443,1.0036034033012387,1.7066623372604745e-05,0.0004913379439428315
205559_s_at,PCSK5,proprotein convertase subtilisin/kexin type 5,548.1798116279069,264.1455641860465,-1.050493978837565,1.822657250025411e-05,0.0005200290845366996
201689_s_at,TPD52,tumor protein D52,325.0368744186046,797.5337023255813,1.2923181573102016,1.9592683247581394e-05,0.0005498536030300457
204112_s_at,HNMT,histamine N-methyltransferase,689.9238953488373,262.3954,-1.3912966575475558,1.9662791702477667e-05,0.0005504346576712436
209529_at,PPAP2C,phosphatidic acid phosphatase type 2C,179.0988465116279,391.8260279069766,1.1251015818841212,2.0629931534680527e-05,0.0005732408654744673
213720_s_at,SMARCA4,"SWI/SNF related, matrix associated, actin dependent regulator of chromatin, subfamily a, member 4",223.64407906976749,471.56472325581416,1.0728708994573324,2.2420420751569242e-05,0.000609261262935631
219913_s_at,CRNKL1,crooked neck pre-mRNA splicing factor 1,425.7255488372092,896.0952558139533,1.07195269233006,2.293468136549631e-05,0.0006206375351160829
215946_x_at,IGLL3P,"immunoglobulin lambda-like polypeptide 3, pseudogene",436.39386279069754,932.0091395348836,1.0929582358173204,2.2989974125540458e-05,0.0006209522344720218
208794_s_at,SMARCA4,"SWI/SNF related, matrix associated, actin dependent regulator of chromatin, subfamily a, member 4",178.4963279069767,443.5995302325583,1.3085520939630138,2.305527356268709e-05,0.0006219620590767026
213502_x_at,GUSBP11,"glucuronidase, beta pseudogene 11",199.90623720930228,766.3777302325581,1.9334145438887855,2.4011565678796022e-05,0.0006446382144826648
209189_at,FOS,FBJ murine osteosarcoma viral oncogene homolog,1885.9253813953492,681.9097488372091,-1.4662705383089667,2.4329538125623262e-05,0.0006492635904829498
219433_at,BCOR,BCL6 corepressor,104.49787441860464,271.1042232558139,1.3669454167737969,2.490908320734404e-05,0.0006623497626601995
203693_s_at,E2F3,E2F transcription factor 3,130.39952790697674,302.5906255813953,1.2081671508578162,2.6064215315675317e-05,0.0006868395654168463
202489_s_at,FXYD3,FXYD domain containing ion transport regulator 3,217.12389999999996,642.1161302325582,1.5599314188744262,2.607666258325414e-05,0.0006868395654168463
200973_s_at,TSPAN3,tetraspanin 3,433.255723255814,88.81186279069767,-2.2735669421103424,2.6332694833912996e-05,0.0006895081539178417
213359_at,HNRNPD,"heterogeneous nuclear ribonucleoprotein D (AU-rich element RNA binding protein 1, 37kDa)",240.787111627907,555.4835744186047,1.2026017602263874,2.6280904638066743e-05,0.0006895081539178417
219937_at,TRHDE,thyrotropin-releasing hormone degrading enzyme,86.92746046511625,39.99895581395349,-1.1007266344286617,2.7885817313589676e-05,0.0007216953161425304
213808_at,ADAM23,ADAM metallopeptidase domain 23,468.6123953488371,230.36151395348833,-1.021321590716669,2.8806253388142145e-05,0.0007403572598015818
212464_s_at,FN1,fibronectin 1,1474.0114883720926,3584.8549302325578,1.2815909323588666,3.30088851161108e-05,0.0008166048625231185
203992_s_at,KDM6A,lysine (K)-specific demethylase 6A,106.30208604651168,214.03302093023257,1.0028800965384572,3.4715967282799325e-05,0.0008431949714897799
204825_at,MELK,maternal embryonic leucine zipper kinase,142.1808186046512,721.5182744186048,2.33519584456645,3.7496856159731294e-05,0.0008945850597508484
204422_s_at,FGF2,fibroblast growth factor 2 (basic),307.77656046511635,134.45374651162788,-1.1887629427952808,3.785439294581735e-05,0.0009021491315632599
212592_at,IGJ,"immunoglobulin J polypeptide, linker protein for immunoglobulin alpha and mu polypeptides",730.2823209302325,1496.3889069767442,1.0339485819858414,3.822322060702546e-05,0.0009060936433897323
205890_s_at,GABBR1 /// UBD,"gamma-aminobutyric acid (GABA) B receptor, 1 /// ubiquitin D",405.86981395348835,976.5113255813952,1.2645461682739625,3.821762293369292e-05,0.0009060936433897323
209542_x_at,IGF1,insulin-like growth factor 1 (somatomedin C),925.8968139534884,365.13929069767437,-1.340016142219388,4.050042945036987e-05,0.0009517188632902514
212224_at,ALDH1A1,"aldehyde dehydrogenase 1 family, member A1",334.25894186046514,115.31239534883721,-1.5272709592590634,4.449812698435587e-05,0.001020114983119755
201340_s_at,ENC1,ectodermal-neural cortex 1 (with BTB domain),68.0245953488372,192.8714023255814,1.4899175791303907,4.503725018477875e-05,0.001028242874864165
209297_at,ITSN1,intersectin 1 (SH3 domain protein),1370.8920651162791,581.687960465116,-1.2353715735507418,5.234737430430591e-05,0.0011711411060470367
205792_at,WISP2,WNT1 inducible signaling pathway protein 2,404.3591232558138,199.43265348837215,-1.016083049234282,5.951005324596366e-05,0.001307753961025452
219371_s_at,KLF2,Kruppel-like factor 2,1915.1078372093014,784.2047348837208,-1.287037979650832,6.551668093810457e-05,0.0014064626217184819
204415_at,IFI6,"interferon, alpha-inducible protein 6",122.98012325581395,389.9795534883721,1.6569843195343952,6.635618276191193e-05,0.0014231133979631216
204351_at,S100P,S100 calcium binding protein P,329.97923255813953,977.2297441860467,1.5634326348048497,7.449805887456061e-05,0.0015528907819474596
216207_x_at,IGKC,immunoglobulin kappa constant,457.9629767441862,1157.2029534883725,1.3354383956219564,7.549617450874222e-05,0.0015649127968170259
216868_s_at,,,150.70616046511626,64.94969930232558,-1.2018416849213953,8.327973873001042e-05,0.0017024976313035067
209104_s_at,NHP2,NHP2 ribonucleoprotein,497.1633860465117,1126.3636441860465,1.1782620529969459,8.507432550322922e-05,0.001725531486486882
203124_s_at,SLC11A2,"solute carrier family 11 (proton-coupled divalent metal ion transporter), member 2",290.3694930232558,594.2660023255813,1.0306846672644248,8.759212913449548e-05,0.0017695515988249888
203186_s_at,S100A4,S100 calcium binding protein A4,1340.3969813953486,574.8922604651162,-1.2198654220081477,9.169895312913207e-05,0.0018245494128645082
220065_at,TNMD,tenomodulin,414.83195348837205,173.8129581395349,-1.25018849284029,9.888793301699498e-05,0.0019211157902508276
215121_x_at,CYAT1 /// IGLC1 /// IGLV1-44,immunoglobulin lambda light chain-like /// immunoglobulin lambda constant 1 (Mcg marker) /// immunoglobulin lambda variable 1-44,1259.3526279069763,3459.691906976745,1.4572330744376825,9.958188342046694e-05,0.001923470405733952
218976_at,DNAJC12,"DnaJ (Hsp40) homolog, subfamily C, member 12",535.2719534883721,1132.6368372093025,1.0799218352261029,9.923654477237566e-05,0.001923470405733952
213793_s_at,HOMER1,homer homolog 1 (Drosophila),54.76788604651163,160.2267139534884,1.531584316575383,0.00010219268014953362,0.0019647622879827935
217865_at,RNF130,ring finger protein 130,676.6097209302327,312.2578976744187,-1.1131036892093815,0.00010556090501643317,0.002010439014086479
207160_at,IL12A,interleukin 12A,224.62153023255806,105.42413488372095,-1.0840793828118171,0.0001059113353271647,0.0020153905081940317
203669_s_at,DGAT1,diacylglycerol O-acyltransferase 1,391.8651534883721,182.71137674418605,-1.0965932373432647,0.00010966623309751432,0.002065674279046417
212116_at,TRIM27,tripartite motif containing 27,224.644323255814,452.32567441860465,1.0064973878012575,0.00011656365792393453,0.002165685290772876
206378_at,SCGB2A2,"secretoglobin, family 2A, member 2",944.8423023255814,2811.5884883720937,1.57222691428697,0.00011923949310923083,0.002199514590192873
213764_s_at,MFAP5,microfibrillar associated protein 5,789.8695946511631,213.87893720930228,-1.879915756070357,0.00012920665127588493,0.0023369414045296623
204115_at,GNG11,"guanine nucleotide binding protein (G protein), gamma 11",1282.6654418604653,592.9449046511627,-1.111868230393519,0.00013240125770635144,0.002384172430818015
214774_x_at,TOX3,TOX high mobility group box family member 3,272.3253837209302,608.2248790697674,1.1563554095967203,0.00014434326817507414,0.002548653759702993
205709_s_at,CDS1,CDP-diacylglycerol synthase (phosphatidate cytidylyltransferase) 1,40.05671395348838,109.42665813953487,1.427398427156815,0.00014513008312418192,0.0025564692824159257
205208_at,ALDH1L1,"aldehyde dehydrogenase 1 family, member L1",244.15095581395343,57.845088372093024,-2.058676478674167,0.0001480356300540174,0.00259100333705932
209806_at,HIST1H2BK,"histone cluster 1, H2bk",507.8888139534886,1120.0617674418606,1.1394433844513339,0.0001543735077788447,0.0026790536400591873
218865_at,MARC1,mitochondrial amidoxime reducing component 1,566.6580697674418,269.32534883720933,-1.070325378428296,0.00016091640753399948,0.0027518805134920266
221872_at,RARRES1,retinoic acid receptor responder (tazarotene induced) 1,377.21749767441867,852.6485093023256,1.1744260518752778,0.00016804954862472963,0.0028519787448627954
204362_at,SKAP2,src kinase associated phosphoprotein 2,288.1793744186047,125.78614186046511,-1.1895675936072925,0.00017363997235658632,0.002929007951568367
209035_at,MDK,midkine (neurite growth-promoting factor 2),97.68338372093024,263.3785023255814,1.4217257806278853,0.00017381137278240345,0.002929681406740012
214723_x_at,ANKRD36,ankyrin repeat domain 36,100.6540139534884,205.2508339534884,1.0207327695800863,0.00017823097071509458,0.0029883526865646746
216640_s_at,PDIA6,"protein disulfide isomerase family A, member 6",242.95026279069774,515.2318511627906,1.0814321201250043,0.00018368994751765053,0.0030637448357303944
218541_s_at,C8orf4,chromosome 8 open reading frame 4,288.9299604651162,675.0979232558141,1.2215277909406446,0.00018416692593346308,0.0030654850963478
217943_s_at,MAP7D1,MAP7 domain containing 1,467.8715162790698,213.7239069767442,-1.1267098114538312,0.00019018436302234364,0.0031391690083162095
213364_s_at,SNX1,sorting nexin 1,247.02899069767437,94.86868604651161,-1.3713771945515203,0.0001957658641447218,0.003202827276605606
217851_s_at,SLMO2,slowmo homolog 2 (Drosophila),252.45169767441863,586.3884418604649,1.2126040503491828,0.00019658387820991463,0.003213850739656293
201301_s_at,ANXA4,annexin A4,206.92186744186046,475.787088372093,1.1973036709524358,0.00021399849709084583,0.0034285618186269263
202018_s_at,LTF,lactotransferrin,324.5431581395349,1380.621560465116,2.0854417785057215,0.0002242707555443247,0.0035493077029788256
218123_at,C21orf59,chromosome 21 open reading frame 59,125.25780232558138,326.526988372093,1.375241245745865,0.00022707347622740858,0.0035901308791121004
221580_s_at,MIR1304 /// SNORA1 /// SNORA18 /// SNORA32 /// SNORA40 /// SNORA8 /// SNORD5 /// TAF1D,"microRNA 1304 /// small nucleolar RNA, H/ACA box 1 /// small nucleolar RNA, H/ACA box 18 /// small nucleolar RNA, H/ACA box 32 /// small nucleolar RNA, H/ACA box 40 /// small nucleolar RNA, H/ACA box 8 /// small nucleolar RNA, C/D box 5 /// TATA box binding protein (TBP)-associated factor, RNA polymerase I, D, 41kDa",199.60858604651165,466.3692325581396,1.2201794083984396,0.00023949749982092553,0.0037476985874365758
208682_s_at,MAGED2,"melanoma antigen family D, 2",263.3331813953488,698.4816883720931,1.403928753832586,0.0002414770788763048,0.0037707314285919413
222036_s_at,MCM4,minichromosome maintenance complex component 4,162.17781860465118,413.314376744186,1.3442809233356952,0.0002531307591776077,0.00391702271302405
209309_at,AZGP1,"alpha-2-glycoprotein 1, zinc-binding",649.7410697674418,1432.945181395349,1.1398343584654533,0.0002601145701393839,0.003989079811710868
207165_at,HMMR,hyaluronan-mediated motility receptor (RHAMM),129.26269302325582,410.6166,1.6598772074863857,0.00027570823463856525,0.004170812350611778
210115_at,RPL39L,ribosomal protein L39-like,122.02988372093021,245.8523186046511,1.0046394099472964,0.0003164072044671793,0.004626165850706412
204482_at,CLDN5,claudin 5,747.9721860465118,345.0676674418604,-1.1138579844502126,0.00031739976916167294,0.004626198954921051
205959_at,MMP13,matrix metallopeptidase 13 (collagenase 3),122.59295116279068,322.75658837209306,1.3893130867858776,0.000330179905874852,0.004759982115321075
202540_s_at,HMGCR,3-hydroxy-3-methylglutaryl-CoA reductase,148.49955348837213,333.23528837209307,1.160722884844456,0.000339782701641229,0.004858653773806392
205969_at,AADAC,arylacetamide deacetylase,366.23229302325575,119.37387906976748,-1.6091705658413602,0.0004202243451988449,0.005654504277817548
204320_at,COL11A1,"collagen, type XI, alpha 1",334.47354418604647,1110.9814232558142,1.7288617831212925,0.0004768138359958105,0.00624990747499685
218095_s_at,TMEM165,transmembrane protein 165,213.25439767441858,438.0562325581396,1.0350809095280107,0.0005071751710090241,0.006534060384068428
218542_at,CEP55,centrosomal protein 55kDa,118.61952790697678,264.631876744186,1.1509753565121104,0.0005189468158133754,0.0066419827092300075
201663_s_at,SMC4,structural maintenance of chromosomes 4,178.37434651162792,359.92727906976745,1.0087346111530606,0.0005289305754000173,0.006731102233945508
209173_at,AGR2,anterior gradient 2,353.8219372093024,1701.6729465116284,2.2626342317919144,0.0005480286616763346,0.0069070829570892335
206067_s_at,WT1,Wilms tumor 1,96.16451860465116,199.8361069767442,1.0475171763578617,0.0005606996083135645,0.007024819441964824
214097_at,RPS21,ribosomal protein S21,169.70884883720927,384.17396279069766,1.1739723387363328,0.0005661778748684317,0.007073719840404238
201008_s_at,TXNIP,thioredoxin interacting protein,763.0710279069768,307.4432139534883,-1.3087018512264714,0.0005663293181026415,0.007073719840404238
214614_at,MNX1,motor neuron and pancreas homeobox 1,50.36519534883722,201.22665348837214,1.9771101202926744,0.0005716236199624922,0.007131852812779515
207621_s_at,PEMT,phosphatidylethanolamine N-methyltransferase,358.99841395348835,128.34379302325578,-1.4767797271462322,0.0006102550609528543,0.007497175960186077
209360_s_at,LOC100506403 /// LOC101928269 /// RUNX1,uncharacterized LOC100506403 /// uncharacterized LOC101928269 /// runt-related transcription factor 1,264.4530488372093,736.7063953488371,1.474590031267798,0.0006108074819572365,0.007497175960186077
202243_s_at,PSMB4,"proteasome (prosome, macropain) subunit, beta type, 4",103.57253255813953,304.82908604651163,1.5482216642801399,0.0006264537049944721,0.007632185843844627
200907_s_at,PALLD,"palladin, cytoskeletal associated protein",303.4052744186046,681.8182604651163,1.1655082839914817,0.0006662646787218355,0.007981922492450893
202311_s_at,COL1A1,"collagen, type I, alpha 1",399.05921627906974,837.1769790697675,1.0670413359328816,0.0007338374637891073,0.008556828992994599
202890_at,MAP7,microtubule-associated protein 7,66.25056976744189,233.64669069767433,1.8028717179010303,0.0008114280732659369,0.009203617834453027
207828_s_at,CENPF,"centromere protein F, 350/400kDa",191.4705697674418,511.26821627906975,1.4122615189564924,0.0008228180625460641,0.00928817370198275
222161_at,NAALAD2,N-acetylated alpha-linked acidic dipeptidase 2,145.5775790697674,33.55293720930232,-2.084784182773187,0.0008616034891992955,0.00961879286063522
204734_at,KRT15,keratin 15,305.9411999999999,845.9098697674418,1.4642461341839115,0.0009466746757259674,0.010336207907694241
221765_at,UGCG,UDP-glucose ceramide glucosyltransferase,77.48784186046512,248.59837441860464,1.6690674421539298,0.0010000785999126655,0.010780796383063567
209459_s_at,ABAT,4-aminobutyrate aminotransferase,86.30150906976743,279.7187213953488,1.685046784536221,0.0010294791448888683,0.010960288478527784
204146_at,RAD51AP1,RAD51 associated protein 1,213.0939872093023,479.30330465116276,1.165701456380736,0.0014654138063123151,0.014215853655227392
204162_at,NDC80,NDC80 kinetochore complex component,20.79082558139535,84.41727116279068,1.9708069523688427,0.001715424641191579,0.016000337915308478
219918_s_at,ASPM,"asp (abnormal spindle) homolog, microcephaly associated (Drosophila)",78.77248837209302,167.47570930232558,1.0785774135041464,0.0017180586371497943,0.016018201092723373
215281_x_at,POGZ,pogo transposable element with ZNF domain,77.00383883720929,36.09995000000001,-1.0721278831954115,0.0017654267151411608,0.016262506611612437
217428_s_at,COL10A1,"collagen, type X, alpha 1",206.22222325581396,590.5348325581394,1.513284393114389,0.0018546592492235438,0.016847685303892468
213684_s_at,PDLIM5,PDZ and LIM domain 5,60.59460930232557,175.00458372093019,1.5147370033814704,0.001870366614580777,0.01695580930541231
205830_at,CLGN,calmegin,178.6526465116279,427.70733255813946,1.2547829048199626,0.0019314784894150163,0.017382526324569793
217022_s_at,IGH /// IGHA1 /// IGHA2,immunoglobulin heavy locus /// immunoglobulin heavy constant alpha 1 /// immunoglobulin heavy constant alpha 2 (A2m marker),642.4837837209303,1713.0476953488374,1.4134315576498244,0.0019577474570389706,0.017539566598402397
213620_s_at,ICAM2,intercellular adhesion molecule 2,260.99168837209294,104.64972093023256,-1.3102320868570168,0.00204766329611161,0.018083795460334486
221922_at,GPSM2,G-protein signaling modulator 2,63.97719069767441,145.62358837209305,1.1741119437736556,0.002075605257370491,0.01819942934063187
201058_s_at,MYL9,"myosin, light chain 9, regulatory",337.9543767441861,149.97332325581397,-1.1667974495217555,0.002083847086085478,0.018252501815740056
202310_s_at,COL1A1,"collagen, type I, alpha 1",568.7510581395348,1239.9314511627906,1.1230198194730407,0.0021125660158490996,0.01846051314947666
37892_at,COL11A1,"collagen, type XI, alpha 1",130.21350465116282,1112.7907790697675,3.0854901372978407,0.002145061270098333,0.018685848429085675
210663_s_at,KYNU,kynureninase,130.49924186046508,309.8940720930232,1.2413686267630915,0.0022486151132337113,0.01932352123724905
202762_at,ROCK2,"Rho-associated, coiled-coil containing protein kinase 2",272.7355302325581,129.11110930232556,-1.0730385560758535,0.0022528967342911924,0.0193453941927594
204623_at,TFF3,trefoil factor 3 (intestinal),456.04182325581405,1104.208334883721,1.2739202518948212,0.0026353801362898493,0.021597710767542005
209605_at,TST,thiosulfate sulfurtransferase (rhodanese),330.5830953488373,150.79031860465116,-1.1272906811309775,0.0028129865257611355,0.022569665217773677
41660_at,CELSR1,"cadherin, EGF LAG seven-pass G-type receptor 1",91.98732093023258,234.50815813953488,1.3406711170805345,0.002926996621140289,0.02329366632459609
209351_at,KRT14,keratin 14,578.6174046511628,1429.4797209302326,1.3033262239118526,0.0031242042934696884,0.024353688405325504
202800_at,SLC1A3,"solute carrier family 1 (glial high affinity glutamate transporter), member 3",535.2652,184.95708139534887,-1.5279769472222888,0.003375904822964091,0.025691696437878702
207156_at,HIST1H2AG /// HIST1H2AH /// HIST1H2AI /// HIST1H2AK /// HIST1H2AL /// HIST1H2AM,"histone cluster 1, H2ag /// histone cluster 1, H2ah /// histone cluster 1, H2ai /// histone cluster 1, H2ak /// histone cluster 1, H2al /// histone cluster 1, H2am",112.21041162790696,242.33851627906978,1.1039580473445667,0.0034197181915101085,0.025927723872548398
216194_s_at,TBCB,tubulin folding cofactor B,171.0857960465116,364.191413488372,1.0855248222454912,0.0036216039708121196,0.02699297233827443
215176_x_at,IGK /// IGKC,immunoglobulin kappa locus /// immunoglobulin kappa constant,346.07925581395347,925.6843162790697,1.4168128139787524,0.0036254996056104822,0.027001005251276196
215599_at,GUSBP3 /// GUSBP9,"glucuronidase, beta pseudogene 3 /// glucuronidase, beta pseudogene 9",32.975073720930226,135.99831534883722,2.011609566108776,0.0036764930443678274,0.02726475139914672
210163_at,CXCL11,chemokine (C-X-C motif) ligand 11,228.40105116279068,547.8954069767442,1.25865926514755,0.0037018565315738603,0.027363598796211915
210511_s_at,INHBA,"inhibin, beta A",58.116948837209286,219.59996976744185,1.8997888775300509,0.0037646720682027977,0.027659583301710183
211709_s_at,CLEC11A,"C-type lectin domain family 11, member A",154.4805302325581,432.4232813953489,1.47904271729339,0.003950063687962193,0.028628293636481603
212094_at,PEG10,paternally expressed 10,263.9437976744186,537.8507023255814,1.0241992510182862,0.003994109971271653,0.02884951458341856
205421_at,SLC22A3,"solute carrier family 22 (organic cation transporter), member 3",39.20543325581396,16.034816744186045,-1.238904049160967,0.004123528176785787,0.029496585148996148
204865_at,CA3,"carbonic anhydrase III, muscle specific",285.04948372093025,89.22374465116278,-1.6646856704073323,0.0043614255931098715,0.030764687081756018
209374_s_at,IGHM,immunoglobulin heavy constant mu,243.52571860465113,705.1551767441858,1.529999036600985,0.005086115995842591,0.03431771743372684
201083_s_at,BCLAF1,BCL2-associated transcription factor 1,29.496378837209306,67.70197767441863,1.1717136833066024,0.005110984499731982,0.03439687937406456
204352_at,TRAF5,TNF receptor-associated factor 5,109.18553255813953,223.74428139534885,1.028349597499865,0.0052924783630422315,0.0352089724356844
209395_at,CHI3L1,chitinase 3-like 1 (cartilage glycoprotein-39),191.7185697674418,454.13785116279075,1.2398079798553325,0.005578837833824318,0.03658841857402971
204848_x_at,HBG1 /// HBG2,"hemoglobin, gamma A /// hemoglobin, gamma G",265.67872093023254,89.29065813953488,-1.5624540795573492,0.005607796314643182,0.03668776432154845
216836_s_at,ERBB2,v-erb-b2 avian erythroblastic leukemia viral oncogene homolog 2,507.21804651162785,1026.1023255813955,1.0150604073980785,0.006438276219479458,0.04021982310026934
218546_at,C1orf115,chromosome 1 open reading frame 115,644.647395348837,296.9983511627906,-1.1154421388934712,0.006482578991684551,0.04038336809385151
202023_at,EFNA1,ephrin-A1,138.19362093023256,306.07487209302326,1.1414973657584997,0.006768620357265917,0.04157045163271307
204508_s_at,CA12,carbonic anhydrase XII,47.18873488372094,214.85263023255814,2.163278841508558,0.006942168503543776,0.04219649229799945
201291_s_at,TOP2A,topoisomerase (DNA) II alpha 170kDa,39.84339069767442,122.24699069767442,1.5933778763943862,0.007649819924689995,0.04501010472696644
219681_s_at,RAB11FIP1,RAB11 family interacting protein 1 (class I),128.5440627906977,309.0775162790698,1.259186023887032,0.007896650488856294,0.04605105020758565
217388_s_at,KYNU,kynureninase,133.55724651162794,304.5275372093023,1.18308232739322,0.00868695406128622,0.04907013070501498
215920_s_at,NPIPA1 /// NPIPA5 /// NPIPB15 /// NPIPB3 /// NPIPB6 /// PDXDC2P,"nuclear pore complex interacting protein family, member A1 /// nuclear pore complex interacting protein family, member A5 /// nuclear pore complex interacting protein family, member B15 /// nuclear pore complex interacting protein family, member B3 /// nuclear pore complex interacting protein family, member B6 /// pyridoxal-dependent decarboxylase domain containing 2, pseudogene",130.25153953488373,64.48648372093025,-1.0030652720674897,0.008721860862095391,0.049214795034204
